name,url
BTK,https://arch-ui-prod.irx.awscloud.abbvienet.com/service/download/gene/compare/gene-disease-evidence-matrix.csv?ids=%5B%221aae7f0bc4271e0892355f092664dc70%22%5D
IL23A,https://arch-ui-prod.irx.awscloud.abbvienet.com/service/download/gene/compare/gene-disease-evidence-matrix.csv?ids=%5B%22ea2430e7d60489c1ce83c9737f655aaa%22%5D
IRAK4,https://arch-ui-prod.irx.awscloud.abbvienet.com/service/download/gene/compare/gene-disease-evidence-matrix.csv?ids=%5B%22IRAK4%22%5D
JAK1,https://arch-ui-prod.irx.awscloud.abbvienet.com/service/download/gene/compare/gene-disease-evidence-matrix.csv?ids=%5B%22JAK1%22%5D
LPAR1,https://arch-ui-prod.irx.awscloud.abbvienet.com/service/download/gene/compare/gene-disease-evidence-matrix.csv?ids=%5B%22LPAR1%22%5D
TNF,https://arch-ui-prod.irx.awscloud.abbvienet.com/service/download/gene/compare/gene-disease-evidence-matrix.csv?ids=%5B%22TNF%22%5D
TYK2,https://arch-ui-prod.irx.awscloud.abbvienet.com/service/download/gene/compare/gene-disease-evidence-matrix.csv?ids=%5B%22TYK2%22%5D
STAT6, https://arch-ui-prod.irx.awscloud.abbvienet.com/service/download/gene/compare/gene-disease-evidence-matrix.csv?ids=%5B%22f5a2a81d75ce19ae3b39872ca782c5c8%22%5D
PINK1,https://arch-ui-prod.irx.awscloud.abbvienet.com/service/download/gene/compare/gene-disease-evidence-matrix.csv?ids=%5B%22PINK1%22%5D
MAPT, https://arch-ui-prod.irx.awscloud.abbvienet.com/service/download/gene/compare/gene-disease-evidence-matrix.csv?ids=%5B%223d35502f9bd6b19f2f77954e9541ee56%22%5D
SNCA, https://arch-ui-prod.irx.awscloud.abbvienet.com/service/download/gene/compare/gene-disease-evidence-matrix.csv?ids=%5B%225018e8099f54a15c38f47130d28e4477%22%5D
CHRM4,https://arch-ui-prod.irx.awscloud.abbvienet.com/service/download/gene/compare/gene-disease-evidence-matrix.csv?ids=%5B%22080991a3f454388079bd59922043fa29%22%5D
OTUB1, https://arch-ui-prod.irx.awscloud.abbvienet.com/service/download/gene/compare/gene-disease-evidence-matrix.csv?ids=%5B%22d950c04c96ea7fa227dff1116170a7f0%22%5D
USP32, https://arch-ui-prod.irx.awscloud.abbvienet.com/service/download/gene/compare/gene-disease-evidence-matrix.csv?ids=%5B%22a9071d4f5ad0329ab4ce029e4aa6b06a%22%5D
IRF4, https://arch-ui-prod.irx.awscloud.abbvienet.com/service/download/gene/compare/gene-disease-evidence-matrix.csv?ids=%5B%2225638fe521135c01d0f6f672c0e6c1ff%22%5D
TOP1, https://arch-ui-prod.irx.awscloud.abbvienet.com/service/download/gene/compare/gene-disease-evidence-matrix.csv?ids=%5B%22021e6de03916964e2fe4cff5795abd72%22%5D
IL6, https://arch-ui-prod.irx.awscloud.abbvienet.com/service/download/gene/compare/gene-disease-evidence-matrix.csv?ids=%5B%2271f99be77df2d93d536a77d5ac88ebbf%22%5D
KIT, https://arch-ui-prod.irx.awscloud.abbvienet.com/service/download/gene/compare/gene-disease-evidence-matrix.csv?ids=%5B%226adfdfd2f29a0dc6dd02760b48438a1a%22%5D
STAT6, https://arch-ui-prod.irx.awscloud.abbvienet.com/service/download/gene/compare/gene-disease-evidence-matrix.csv?ids=%5B%22f5a2a81d75ce19ae3b39872ca782c5c8%22%5D
TIPARP, https://arch-ui-prod.irx.awscloud.abbvienet.com/service/download/gene/compare/gene-disease-evidence-matrix.csv?ids=%5B%22bbe3560469c466c99d95c08a8d18b6ae%22%5D
FOLR1, https://arch-ui-prod.irx.awscloud.abbvienet.com/service/download/gene/compare/gene-disease-evidence-matrix.csv?ids=%5B%223ca786c525a3e5e67590eb55d92a05f7%22%5D
CD38, https://arch-ui-prod.irx.awscloud.abbvienet.com/service/download/gene/compare/gene-disease-evidence-matrix.csv?ids=%5B%2259000b3f2284af8be94bb55887b70f09%22%5D
PDE4B, https://arch-ui-prod.irx.awscloud.abbvienet.com/service/download/gene/compare/gene-disease-evidence-matrix.csv?ids=%5B%22e0a9fef71fb89b885eaf3a272932098a%22%5D
NECTIN4, https://arch-ui-prod.irx.awscloud.abbvienet.com/service/download/gene/compare/gene-disease-evidence-matrix.csv?ids=%5B%220c3626afbad437d09ebc931d25fb5e82%22%5D
IL15, https://arch-ui-prod.irx.awscloud.abbvienet.com/service/download/gene/compare/gene-disease-evidence-matrix.csv?ids=%5B%22140d6d4e35ed6ee6a056aef729a7696b%22%5D
GPC3, https://arch-ui-prod.irx.awscloud.abbvienet.com/service/download/gene/compare/gene-disease-evidence-matrix.csv?ids=%5B%22509796a03f2b56ef0a51714a94371690%22%5D
CHRM4, https://arch-ui-prod.irx.awscloud.abbvienet.com/service/download/gene/compare/gene-disease-evidence-matrix.csv?ids=%5B%22080991a3f454388079bd59922043fa29%22%5D
PRLR, https://arch-ui-prod.irx.awscloud.abbvienet.com/service/download/gene/compare/gene-disease-evidence-matrix.csv?ids=%5B%223b99c66568bab6e032c6e3d6af309d0e%22%5D
TNFSF15, https://arch-ui-prod.irx.awscloud.abbvienet.com/service/download/gene/compare/gene-disease-evidence-matrix.csv?ids=%5B%22756118ee60fd0e9c150ebd096f3b37ef%22%5D
ITGB7, https://arch-ui-prod.irx.awscloud.abbvienet.com/service/download/gene/compare/gene-disease-evidence-matrix.csv?ids=%5B%22e1e9f6404c949ef778a7dea11b5a362c%22%5D
CD79B, https://arch-ui-prod.irx.awscloud.abbvienet.com/service/download/gene/compare/gene-disease-evidence-matrix.csv?ids=%5B%229f55a6d97e8aa08dcf541cb967075006%22%5D
FLT1, https://arch-ui-prod.irx.awscloud.abbvienet.com/service/download/gene/compare/gene-disease-evidence-matrix.csv?ids=%5B%2255ea46e8d603ad05e4b815287599220b%22%5D
C5, https://arch-ui-prod.irx.awscloud.abbvienet.com/service/download/gene/compare/gene-disease-evidence-matrix.csv?ids=%5B%22cba59c97acc93ea26c6fe13a5706e3bc%22%5D



















